{"v":"5.5.5","fr":30,"ip":0,"op":151,"w":800,"h":700,"nm":"rappi_entrega_05","ddd":0,"assets":[],"layers":[{"ddd":0,"ind":1,"ty":4,"nm":"pin Outlines","sr":1,"ks":{"o":{"a":0,"k":100,"ix":11},"r":{"a":0,"k":0,"ix":10},"p":{"a":1,"k":[{"i":{"x":0.667,"y":1},"o":{"x":0.333,"y":0},"t":30,"s":[362.148,379.39,0],"to":[0,-8.333,0],"ti":[0,8.333,0]},{"t":37,"s":[362.148,329.39,0]}],"ix":2},"a":{"a":0,"k":[70.235,268.321,0],"ix":1},"s":{"a":1,"k":[{"i":{"x":[0.833,0.833,0.833],"y":[0.833,0.833,0.833]},"o":{"x":[0.167,0.167,0.167],"y":[0.167,0.167,0.167]},"t":30,"s":[0,0,100]},{"t":37,"s":[100,100,100]}],"ix":6,"x":"var $bm_rt;\nvar amp, freq, decay, n, time_max, n, t, t, v;\namp = 0.05;\nfreq = 2;\ndecay = 2;\nn = 0;\n$bm_rt = time_max = 4;\nif (numKeys > 0) {\n    $bm_rt = n = nearestKey(time).index;\n    if (key(n).time > time) {\n        n--;\n    }\n}\nif (n == 0) {\n    $bm_rt = t = 0;\n} else {\n    $bm_rt = t = $bm_sub(time, key(n).time);\n}\nif (n > 0 && t < time_max) {\n    v = velocityAtTime($bm_sub(key(n).time, $bm_div(thisComp.frameDuration, 10)));\n    $bm_rt = $bm_sum(value, $bm_div($bm_mul($bm_mul(v, amp), Math.sin($bm_mul($bm_mul($bm_mul(freq, t), 2), Math.PI))), Math.exp($bm_mul(decay, t))));\n} else {\n    $bm_rt = value;\n}"}},"ao":0,"shapes":[{"ty":"gr","it":[{"ind":0,"ty":"sh","ix":1,"ks":{"a":0,"k":{"i":[[10.22,23.42],[0,17.723],[-10.598,19.237],[-17.009,10.84],[-8.608,0],[-0.102,0.256],[9.714,0],[10.065,-6.414],[0,-43.618],[0,0],[-0.012,0.024]],"o":[[-16.064,-36.816],[0,-21.013],[10.39,-18.861],[9.737,-6.206],[16.858,0],[-5.986,-7.583],[-8.417,0],[-34.435,21.947],[0,43.618],[0,0],[-0.143,-0.702]],"v":[[-29.947,74.546],[-54.503,-8.82],[-38.303,-70.346],[3.579,-115.748],[31.225,-125.101],[55.182,-114.208],[31.225,-125.851],[3.24,-116.398],[-55.182,-8.82],[-5.935,125.85],[-5.915,125.811]],"c":true},"ix":2},"nm":"Path 1","mn":"ADBE Vector Shape - Group","hd":false},{"ty":"mm","mm":4,"nm":"Merge Paths 1","mn":"ADBE Vector Filter - Merge","hd":false},{"ty":"fl","c":{"a":0,"k":[1,0.560999971278,0.490000017952,1],"ix":4},"o":{"a":0,"k":100,"ix":5},"r":1,"bm":0,"nm":"Fill 1","mn":"ADBE Vector Graphic - Fill","hd":false},{"ty":"tr","p":{"a":0,"k":[76.171,142.47],"ix":2},"a":{"a":0,"k":[0,0],"ix":1},"s":{"a":0,"k":[100,100],"ix":3},"r":{"a":0,"k":0,"ix":6},"o":{"a":0,"k":100,"ix":7},"sk":{"a":0,"k":0,"ix":4},"sa":{"a":0,"k":0,"ix":5},"nm":"Transform"}],"nm":"Group 1","np":3,"cix":2,"bm":0,"ix":1,"mn":"ADBE Vector Group","hd":false},{"ty":"gr","it":[{"ind":0,"ty":"sh","ix":1,"ks":{"a":0,"k":{"i":[[18.77,-11.963],[4.587,0],[0,16.828],[-18.769,11.963],[-4.587,0],[0,-16.828]],"o":[[-5.484,3.496],[-11.109,0],[0,-23.775],[5.485,-3.495],[11.109,0],[0,23.774]],"v":[[-0.001,43.049],[-15.255,48.202],[-33.985,21.66],[-0.001,-43.051],[15.253,-48.202],[33.984,-21.66]],"c":true},"ix":2},"nm":"Path 1","mn":"ADBE Vector Shape - Group","hd":false},{"ind":1,"ty":"sh","ix":2,"ks":{"a":0,"k":{"i":[[5.756,0],[5.469,-3.485],[0,-23.976],[-11.973,0],[-5.469,3.486],[0,23.976],[3.499,4.815]],"o":[[-4.878,0],[-18.926,12.063],[0,16.835],[4.878,0],[18.927,-12.062],[0,-8.303],[-3.443,-4.737]],"v":[[15.253,-48.952],[-0.341,-43.699],[-34.664,21.66],[-15.255,48.952],[0.339,43.699],[34.664,-21.66],[29.314,-41.71]],"c":true},"ix":2},"nm":"Path 2","mn":"ADBE Vector Shape - Group","hd":false},{"ty":"mm","mm":1,"nm":"Merge Paths 1","mn":"ADBE Vector Filter - Merge","hd":false},{"ty":"mm","mm":4,"nm":"Merge Paths 2","mn":"ADBE Vector Filter - Merge","hd":false},{"ty":"fl","c":{"a":0,"k":[1,0.560999971278,0.490000017952,1],"ix":4},"o":{"a":0,"k":100,"ix":5},"r":1,"bm":0,"nm":"Fill 1","mn":"ADBE Vector Graphic - Fill","hd":false},{"ty":"tr","p":{"a":0,"k":[84.206,103.697],"ix":2},"a":{"a":0,"k":[0,0],"ix":1},"s":{"a":0,"k":[100,100],"ix":3},"r":{"a":0,"k":0,"ix":6},"o":{"a":0,"k":100,"ix":7},"sk":{"a":0,"k":0,"ix":4},"sa":{"a":0,"k":0,"ix":5},"nm":"Transform"}],"nm":"Group 2","np":5,"cix":2,"bm":0,"ix":2,"mn":"ADBE Vector Group","hd":false},{"ty":"gr","it":[{"ind":0,"ty":"sh","ix":1,"ks":{"a":0,"k":{"i":[[18.77,-11.963],[0,23.776],[-18.769,11.963],[0,-23.776]],"o":[[-18.769,11.962],[0,-23.775],[18.77,-11.961],[0,23.774]],"v":[[2.832,10.523],[-31.152,-10.866],[2.832,-75.576],[36.817,-54.186]],"c":true},"ix":2},"nm":"Path 1","mn":"ADBE Vector Shape - Group","hd":false},{"ind":1,"ty":"sh","ix":2,"ks":{"a":0,"k":{"i":[[34.435,-21.947],[0,-43.618],[0,0],[0,68.548]],"o":[[-34.434,21.946],[0,43.618],[0,0],[0,-43.618]],"v":[[-1.964,-110.15],[-60.385,-2.572],[-11.138,132.097],[60.385,-70.91]],"c":true},"ix":2},"nm":"Path 2","mn":"ADBE Vector Shape - Group","hd":false},{"ty":"mm","mm":1,"nm":"Merge Paths 1","mn":"ADBE Vector Filter - Merge","hd":false},{"ty":"mm","mm":4,"nm":"Merge Paths 2","mn":"ADBE Vector Filter - Merge","hd":false},{"ty":"fl","c":{"a":0,"k":[1,0.310000011968,0.161000001197,1],"ix":4},"o":{"a":0,"k":100,"ix":5},"r":1,"bm":0,"nm":"Fill 1","mn":"ADBE Vector Graphic - Fill","hd":false},{"ty":"tr","p":{"a":0,"k":[81.374,136.223],"ix":2},"a":{"a":0,"k":[0,0],"ix":1},"s":{"a":0,"k":[100,100],"ix":3},"r":{"a":0,"k":0,"ix":6},"o":{"a":0,"k":100,"ix":7},"sk":{"a":0,"k":0,"ix":4},"sa":{"a":0,"k":0,"ix":5},"nm":"Transform"}],"nm":"Group 3","np":5,"cix":2,"bm":0,"ix":3,"mn":"ADBE Vector Group","hd":false},{"ty":"gr","it":[{"ind":0,"ty":"sh","ix":1,"ks":{"a":0,"k":{"i":[[14.646,-4.544],[0,-4.683],[18.771,-11.963],[2.722,-0.845],[-15.072,9.606],[0,23.774]],"o":[[1.092,3.525],[0,23.774],[-2.942,1.875],[4.449,14.374],[18.77,-11.963],[0,-20.049]],"v":[[7.675,-47.614],[9.364,-35.284],[-24.621,29.425],[-33.14,33.49],[-0.846,42.551],[33.14,-22.158]],"c":true},"ix":2},"nm":"Path 1","mn":"ADBE Vector Shape - Group","hd":false},{"ty":"mm","mm":4,"nm":"Merge Paths 1","mn":"ADBE Vector Filter - Merge","hd":false},{"ty":"fl","c":{"a":0,"k":[0.827000038297,0.246999987434,0.149000010771,1],"ix":4},"o":{"a":0,"k":100,"ix":5},"r":1,"bm":0,"nm":"Fill 1","mn":"ADBE Vector Graphic - Fill","hd":false},{"ty":"tr","p":{"a":0,"k":[85.051,104.195],"ix":2},"a":{"a":0,"k":[0,0],"ix":1},"s":{"a":0,"k":[100,100],"ix":3},"r":{"a":0,"k":0,"ix":6},"o":{"a":0,"k":100,"ix":7},"sk":{"a":0,"k":0,"ix":4},"sa":{"a":0,"k":0,"ix":5},"nm":"Transform"}],"nm":"Group 4","np":3,"cix":2,"bm":0,"ix":4,"mn":"ADBE Vector Group","hd":false},{"ty":"gr","it":[{"ind":0,"ty":"sh","ix":1,"ks":{"a":0,"k":{"i":[[1.937,1.962],[0.899,14.566],[0.061,0.062],[0.614,15.15],[-0.808,3.857],[0.261,6.418],[-3.322,6.982],[-1.35,2.604],[-1.545,3.247],[-5.176,5.306],[-3.74,2.442],[-3.363,3.447],[-13.607,0],[-2.732,-0.505],[0,0],[0,0],[0,0],[17.908,-11.413],[0,-43.618],[0,0],[0,0],[0,0]],"o":[[-9.994,-10.127],[-0.061,-0.061],[-10.42,-10.56],[-0.142,-4.144],[-1.812,-6.186],[-0.275,-8.066],[0.862,-2.92],[0.768,-3.481],[2.141,-7.263],[2.996,-3.309],[2.081,-4.272],[9.623,-10.624],[2.867,0],[0,0],[0,0],[0,0],[-11.372,-8.068],[-34.434,21.946],[0,54.016],[0,0],[0,0],[-2.097,-1.674]],"v":[[7.607,101.869],[-7.831,62.309],[-8.017,62.127],[-23.56,20.703],[-22.557,8.703],[-25.598,-10.417],[-21.028,-32.989],[-17.698,-41.268],[-14.235,-51.36],[-3.261,-70.213],[6.926,-78.874],[15.08,-90.46],[52.605,-107.619],[61.004,-106.838],[62.229,-112.374],[41.085,-125.973],[41.083,-125.968],[-4.339,-121.9],[-62.229,-13.318],[-17.074,118.42],[7.756,134.035],[13.66,107.331]],"c":true},"ix":2},"nm":"Path 1","mn":"ADBE Vector Shape - Group","hd":false},{"ty":"mm","mm":4,"nm":"Merge Paths 1","mn":"ADBE Vector Filter - Merge","hd":false},{"ty":"fl","c":{"a":0,"k":[0.827000038297,0.246999987434,0.149000010771,1],"ix":4},"o":{"a":0,"k":100,"ix":5},"r":1,"bm":0,"nm":"Fill 1","mn":"ADBE Vector Graphic - Fill","hd":false},{"ty":"tr","p":{"a":0,"k":[62.479,134.285],"ix":2},"a":{"a":0,"k":[0,0],"ix":1},"s":{"a":0,"k":[100,100],"ix":3},"r":{"a":0,"k":0,"ix":6},"o":{"a":0,"k":100,"ix":7},"sk":{"a":0,"k":0,"ix":4},"sa":{"a":0,"k":0,"ix":5},"nm":"Transform"}],"nm":"Group 5","np":3,"cix":2,"bm":0,"ix":5,"mn":"ADBE Vector Group","hd":false}],"ip":0,"op":900,"st":0,"bm":0},{"ddd":0,"ind":2,"ty":4,"nm":"point Outlines","sr":1,"ks":{"o":{"a":0,"k":30,"ix":11},"r":{"a":0,"k":0,"ix":10},"p":{"a":0,"k":[353.794,390.692,0],"ix":2},"a":{"a":0,"k":[26.484,11.37,0],"ix":1},"s":{"a":1,"k":[{"i":{"x":[0.833,0.833,0.833],"y":[0.833,0.833,0.833]},"o":{"x":[0.167,0.167,0.167],"y":[0.167,0.167,0.167]},"t":30,"s":[0,0,100]},{"t":37,"s":[100,100,100]}],"ix":6,"x":"var $bm_rt;\nvar amp, freq, decay, n, time_max, n, t, t, v;\namp = 0.1;\nfreq = 2;\ndecay = 2;\nn = 0;\n$bm_rt = time_max = 4;\nif (numKeys > 0) {\n    $bm_rt = n = nearestKey(time).index;\n    if (key(n).time > time) {\n        n--;\n    }\n}\nif (n == 0) {\n    $bm_rt = t = 0;\n} else {\n    $bm_rt = t = $bm_sub(time, key(n).time);\n}\nif (n > 0 && t < time_max) {\n    v = velocityAtTime($bm_sub(key(n).time, $bm_div(thisComp.frameDuration, 10)));\n    $bm_rt = $bm_sum(value, $bm_div($bm_mul($bm_mul(v, amp), Math.sin($bm_mul($bm_mul($bm_mul(freq, t), 2), Math.PI))), Math.exp($bm_mul(decay, t))));\n} else {\n    $bm_rt = value;\n}"}},"ao":0,"shapes":[{"ty":"gr","it":[{"ind":0,"ty":"sh","ix":1,"ks":{"a":0,"k":{"i":[[0,-6.28],[14.627,0],[0,6.28],[-14.626,0]],"o":[[0,6.28],[-14.626,0],[0,-6.28],[14.627,0]],"v":[[26.485,0],[0,11.37],[-26.484,0],[0,-11.37]],"c":true},"ix":2},"nm":"Path 1","mn":"ADBE Vector Shape - Group","hd":false},{"ty":"mm","mm":4,"nm":"Merge Paths 1","mn":"ADBE Vector Filter - Merge","hd":false},{"ty":"fl","c":{"a":0,"k":[0.301999978458,0.435000011968,0.855000035903,1],"ix":4},"o":{"a":0,"k":100,"ix":5},"r":1,"bm":0,"nm":"Fill 1","mn":"ADBE Vector Graphic - Fill","hd":false},{"ty":"tr","p":{"a":0,"k":[26.485,11.37],"ix":2},"a":{"a":0,"k":[0,0],"ix":1},"s":{"a":0,"k":[100,100],"ix":3},"r":{"a":0,"k":0,"ix":6},"o":{"a":0,"k":100,"ix":7},"sk":{"a":0,"k":0,"ix":4},"sa":{"a":0,"k":0,"ix":5},"nm":"Transform"}],"nm":"Group 1","np":3,"cix":2,"bm":0,"ix":1,"mn":"ADBE Vector Group","hd":false}],"ip":0,"op":900,"st":0,"bm":0},{"ddd":0,"ind":3,"ty":4,"nm":"map Outlines","sr":1,"ks":{"o":{"a":0,"k":60,"ix":11},"r":{"a":0,"k":0,"ix":10},"p":{"a":0,"k":[348.125,400.998,0],"ix":2},"a":{"a":0,"k":[222.875,99.502,0],"ix":1},"s":{"a":0,"k":[100,100,100],"ix":6}},"ao":0,"shapes":[{"ty":"gr","it":[{"ind":0,"ty":"sh","ix":1,"ks":{"a":1,"k":[{"i":{"x":0.48,"y":1},"o":{"x":0.555,"y":0},"t":10,"s":[{"i":[[-0.1,0.895],[0.031,0.403],[0.107,0.388],[0.181,0.371],[0.254,0.351],[0.326,0.33],[0.397,0.306],[0.466,0.281],[0.535,0.253],[0.601,0.223],[0.667,0.191],[0.731,0.157],[0.794,0.121],[0.856,0.083],[0.916,0.042],[0.975,0],[0.901,-0.013],[0.828,-0.029],[0.758,-0.049],[0.689,-0.073],[0.622,-0.099],[0.556,-0.13],[0.492,-0.163],[0.43,-0.201],[0.37,-0.241],[0.312,-0.285],[0.255,-0.333],[0.2,-0.384],[0.146,-0.438],[0.095,-0.496],[0.045,-0.558],[-0.063,-0.81],[-0.189,-0.68],[-0.3,-0.562],[-0.398,-0.453],[-0.481,-0.356],[-0.551,-0.269],[-0.607,-0.193],[-0.649,-0.127],[-0.677,-0.072],[-0.692,-0.028],[-0.692,0.006],[-0.678,0.029],[-0.651,0.041],[-0.609,0.043],[-0.554,0.034],[-1.013,0.037],[-0.908,0.022],[-0.809,0.023],[-0.715,0.039],[-0.625,0.071],[-0.541,0.119],[-0.463,0.183],[-0.389,0.262],[-0.321,0.357],[-0.258,0.468],[-0.2,0.595],[-0.147,0.737]],"o":[[0.046,-0.416],[-0.031,-0.403],[-0.107,-0.388],[-0.181,-0.371],[-0.254,-0.351],[-0.326,-0.33],[-0.397,-0.306],[-0.466,-0.281],[-0.535,-0.253],[-0.601,-0.223],[-0.667,-0.191],[-0.731,-0.157],[-0.794,-0.121],[-0.856,-0.083],[-0.916,-0.042],[-0.975,0],[-0.901,0.013],[-0.828,0.029],[-0.758,0.049],[-0.689,0.073],[-0.622,0.099],[-0.556,0.13],[-0.492,0.163],[-0.43,0.201],[-0.37,0.241],[-0.312,0.285],[-0.255,0.333],[-0.2,0.384],[-0.146,0.438],[-0.095,0.496],[-0.076,0.95],[0.063,0.81],[0.189,0.68],[0.3,0.562],[0.398,0.453],[0.481,0.356],[0.551,0.269],[0.607,0.193],[0.649,0.127],[0.677,0.072],[0.692,0.028],[0.692,-0.006],[0.678,-0.029],[0.651,-0.041],[0.609,-0.043],[1.123,-0.068],[1.013,-0.037],[0.908,-0.022],[0.809,-0.023],[0.715,-0.039],[0.625,-0.071],[0.541,-0.119],[0.463,-0.183],[0.389,-0.262],[0.321,-0.357],[0.258,-0.468],[0.2,-0.595],[0.147,-0.737]],"v":[[27.798,-3.63],[27.821,-4.859],[27.615,-6.046],[27.183,-7.184],[26.529,-8.267],[25.658,-9.289],[24.573,-10.244],[23.277,-11.125],[21.775,-11.925],[20.071,-12.64],[18.168,-13.261],[16.071,-13.784],[13.783,-14.202],[11.308,-14.508],[8.65,-14.696],[5.813,-14.76],[2.999,-14.741],[0.406,-14.679],[-1.973,-14.562],[-4.143,-14.38],[-6.108,-14.122],[-7.874,-13.78],[-9.447,-13.341],[-10.83,-12.796],[-12.031,-12.134],[-13.053,-11.345],[-13.902,-10.418],[-14.583,-9.344],[-15.101,-8.111],[-15.462,-6.71],[-15.671,-5.13],[-15.687,-2.492],[-15.306,-0.259],[-14.57,1.601],[-13.52,3.121],[-12.198,4.332],[-10.645,5.267],[-8.904,5.956],[-7.016,6.433],[-5.022,6.729],[-2.965,6.876],[-0.887,6.907],[1.172,6.852],[3.169,6.745],[5.063,6.617],[6.812,6.5],[10.015,6.346],[12.896,6.261],[15.47,6.198],[17.754,6.109],[19.763,5.948],[21.512,5.666],[23.017,5.218],[24.293,4.555],[25.357,3.63],[26.224,2.397],[26.909,0.807],[27.429,-1.186]],"c":true}]},{"t":40,"s":[{"i":[[0,0],[0,0],[0,0],[0,0],[0,0],[0,0],[0,0],[0,0],[0,0],[0,0],[0,0],[0,0],[0,0],[0,0],[0,0],[0,0],[0,0],[0,0],[0,0],[0,0],[0,0],[0,0],[0,0],[0,0],[0,0],[0,0],[0,0],[0,0],[0,0],[0,0],[0,0],[0,0],[0,0],[0,0],[0,0],[0,0],[0,0],[0,0],[0,0],[0,0],[0,0],[0,0],[0,0],[0,0],[0,0],[0,0],[0,0],[0,0],[0,0],[0,0],[0,0],[0,0],[0,0],[0,0],[0,0],[0,0],[0,0],[0,0]],"o":[[0,0],[0,0],[0,0],[0,0],[0,0],[0,0],[0,0],[0,0],[0,0],[0,0],[0,0],[0,0],[0,0],[0,0],[0,0],[0,0],[0,0],[0,0],[0,0],[0,0],[0,0],[0,0],[0,0],[0,0],[0,0],[0,0],[0,0],[0,0],[0,0],[0,0],[0,0],[0,0],[0,0],[0,0],[0,0],[0,0],[0,0],[0,0],[0,0],[0,0],[0,0],[0,0],[0,0],[0,0],[0,0],[0,0],[0,0],[0,0],[0,0],[0,0],[0,0],[0,0],[0,0],[0,0],[0,0],[0,0],[0,0],[0,0]],"v":[[-63.45,-84.758],[-78.3,-94.5],[-93.15,-93.526],[-99.9,-88.655],[-141.75,-63.325],[-144.45,-56.506],[-145.8,-50.66],[-152.55,-46.763],[-160.65,-44.815],[-172.8,-38.969],[-184.95,-36.047],[-198.45,-34.098],[-202.5,-20.459],[-197.099,-9.742],[-205.2,-6.82],[-207.9,0],[-218.7,-0.974],[-222.75,11.691],[-202.5,26.304],[-191.7,41.891],[-193.05,50.659],[-183.599,59.428],[-194.4,64.299],[-156.599,88.655],[-137.7,94.5],[-122.849,94.5],[-101.25,88.655],[-78.3,87.68],[-58.05,93.526],[-37.8,89.629],[-20.25,79.887],[10.8,67.221],[44.55,67.221],[81,67.221],[101.25,67.221],[118.8,71.118],[144.45,70.144],[166.05,69.17],[178.2,60.402],[195.75,48.711],[206.55,35.072],[221.401,23.381],[222.75,16.562],[205.2,7.794],[178.2,-17.536],[157.95,-43.841],[141.75,-57.48],[112.05,-79.887],[97.875,-79.4],[84.375,-80.374],[69.526,-76.477],[57.375,-73.554],[42.526,-80.374],[29.026,-86.219],[6.075,-88.168],[-7.425,-87.194],[-31.724,-86.219],[-54.675,-85.245]],"c":true}]}],"ix":2},"nm":"Path 1","mn":"ADBE Vector Shape - Group","hd":false},{"ty":"mm","mm":4,"nm":"Merge Paths 1","mn":"ADBE Vector Filter - Merge","hd":false},{"ty":"fl","c":{"a":0,"k":[0.630999995213,0.689999988032,0.885999971278,1],"ix":4},"o":{"a":0,"k":100,"ix":5},"r":1,"bm":0,"nm":"Fill 1","mn":"ADBE Vector Graphic - Fill","hd":false},{"ty":"tr","p":{"a":0,"k":[222.75,94.5],"ix":2},"a":{"a":0,"k":[0,0],"ix":1},"s":{"a":1,"k":[{"i":{"x":[0.833,0.833],"y":[0.833,0.833]},"o":{"x":[0.167,0.167],"y":[0.167,0.167]},"t":10,"s":[0,0]},{"t":20,"s":[100,100]}],"ix":3},"r":{"a":0,"k":0,"ix":6},"o":{"a":0,"k":100,"ix":7},"sk":{"a":0,"k":0,"ix":4},"sa":{"a":0,"k":0,"ix":5},"nm":"Transform"}],"nm":"Group 1","np":3,"cix":2,"bm":0,"ix":1,"mn":"ADBE Vector Group","hd":false},{"ty":"gr","it":[{"ind":0,"ty":"sh","ix":1,"ks":{"a":1,"k":[{"i":{"x":0.31,"y":1},"o":{"x":0.705,"y":0},"t":20,"s":[{"i":[[-0.086,0.776],[0.003,0.266],[0.035,0.26],[0.067,0.253],[0.099,0.246],[0.131,0.239],[0.162,0.23],[0.193,0.221],[0.223,0.212],[0.253,0.202],[0.283,0.191],[0.312,0.18],[0.341,0.168],[0.37,0.156],[0.398,0.143],[0.426,0.129],[0.453,0.115],[0.48,0.1],[0.507,0.085],[0.534,0.069],[0.56,0.053],[0.586,0.036],[0.611,0.018],[0.636,0],[0.901,-0.013],[0.828,-0.029],[0.758,-0.049],[0.689,-0.073],[0.622,-0.099],[0.556,-0.13],[0.492,-0.163],[0.43,-0.201],[0.37,-0.241],[0.312,-0.285],[0.255,-0.333],[0.2,-0.384],[0.146,-0.438],[0.095,-0.496],[0.045,-0.558],[-0.063,-0.81],[-0.189,-0.68],[-0.3,-0.562],[-0.398,-0.453],[-0.481,-0.356],[-0.551,-0.269],[-0.607,-0.193],[-0.649,-0.127],[-0.677,-0.072],[-0.692,-0.028],[-0.692,0.006],[-0.678,0.029],[-0.651,0.041],[-0.609,0.043],[-0.554,0.034],[-0.89,0.035],[-0.811,0.021],[-0.735,0.018],[-0.662,0.025],[-0.593,0.042],[-0.527,0.069],[-0.465,0.106],[-0.405,0.154],[-0.35,0.212],[-0.297,0.28],[-0.248,0.359],[-0.203,0.448],[-0.161,0.547],[-0.122,0.656]],"o":[[0.03,-0.271],[-0.003,-0.266],[-0.035,-0.26],[-0.067,-0.253],[-0.099,-0.246],[-0.131,-0.239],[-0.162,-0.23],[-0.193,-0.221],[-0.223,-0.212],[-0.253,-0.202],[-0.283,-0.191],[-0.312,-0.18],[-0.341,-0.168],[-0.37,-0.156],[-0.398,-0.143],[-0.426,-0.129],[-0.453,-0.115],[-0.48,-0.1],[-0.507,-0.085],[-0.534,-0.069],[-0.56,-0.053],[-0.586,-0.036],[-0.611,-0.018],[-0.975,0],[-0.901,0.013],[-0.828,0.029],[-0.758,0.049],[-0.689,0.073],[-0.622,0.099],[-0.556,0.13],[-0.492,0.163],[-0.43,0.201],[-0.37,0.241],[-0.312,0.285],[-0.255,0.333],[-0.2,0.384],[-0.146,0.438],[-0.095,0.496],[-0.076,0.95],[0.063,0.81],[0.189,0.68],[0.3,0.562],[0.398,0.453],[0.481,0.356],[0.551,0.269],[0.607,0.193],[0.649,0.127],[0.677,0.072],[0.692,0.028],[0.692,-0.006],[0.678,-0.029],[0.651,-0.041],[0.609,-0.043],[0.973,-0.059],[0.89,-0.035],[0.811,-0.021],[0.735,-0.018],[0.662,-0.025],[0.593,-0.042],[0.527,-0.069],[0.465,-0.106],[0.405,-0.154],[0.35,-0.212],[0.297,-0.28],[0.248,-0.359],[0.203,-0.448],[0.161,-0.547],[0.122,-0.656]],"v":[[27.672,-8.632],[27.713,-9.438],[27.657,-10.227],[27.503,-10.997],[27.253,-11.747],[26.908,-12.474],[26.469,-13.177],[25.937,-13.855],[25.314,-14.505],[24.6,-15.125],[23.797,-15.715],[22.905,-16.272],[21.925,-16.794],[20.859,-17.28],[19.708,-17.728],[18.473,-18.136],[17.154,-18.503],[15.754,-18.827],[14.272,-19.105],[12.711,-19.337],[11.07,-19.52],[9.352,-19.653],[7.557,-19.735],[5.687,-19.762],[2.873,-19.743],[0.28,-19.681],[-2.099,-19.564],[-4.269,-19.382],[-6.234,-19.124],[-8,-18.782],[-9.573,-18.343],[-10.956,-17.798],[-12.157,-17.136],[-13.179,-16.347],[-14.028,-15.42],[-14.709,-14.346],[-15.227,-13.113],[-15.588,-11.712],[-15.797,-10.132],[-15.813,-7.494],[-15.432,-5.261],[-14.696,-3.401],[-13.646,-1.881],[-12.323,-0.67],[-10.771,0.265],[-9.029,0.954],[-7.141,1.431],[-5.148,1.727],[-3.091,1.874],[-1.012,1.905],[1.047,1.85],[3.044,1.743],[4.938,1.615],[6.687,1.498],[9.482,1.36],[12.033,1.278],[14.351,1.222],[16.446,1.16],[18.328,1.064],[20.007,0.901],[21.494,0.64],[22.798,0.252],[23.93,-0.295],[24.899,-1.032],[25.717,-1.988],[26.393,-3.196],[26.937,-4.685],[27.36,-6.487]],"c":true}]},{"t":40,"s":[{"i":[[0,0],[0,0],[0,0],[0,0],[0,0],[0,0],[0,0],[0,0],[0,0],[0,0],[0,0],[0,0],[0,0],[0,0],[0,0],[0,0],[0,0],[0,0],[0,0],[0,0],[0,0],[0,0],[0,0],[0,0],[0,0],[0,0],[0,0],[0,0],[0,0],[0,0],[0,0],[0,0],[0,0],[0,0],[0,0],[0,0],[0,0],[0,0],[0,0],[0,0],[0,0],[0,0],[0,0],[0,0],[0,0],[0,0],[0,0],[0,0],[0,0],[0,0],[0,0],[0,0],[0,0],[0,0],[0,0],[0,0],[0,0],[0,0],[0,0],[0,0],[0,0],[0,0],[0,0],[0,0],[0,0],[0,0],[0,0],[0,0]],"o":[[0,0],[0,0],[0,0],[0,0],[0,0],[0,0],[0,0],[0,0],[0,0],[0,0],[0,0],[0,0],[0,0],[0,0],[0,0],[0,0],[0,0],[0,0],[0,0],[0,0],[0,0],[0,0],[0,0],[0,0],[0,0],[0,0],[0,0],[0,0],[0,0],[0,0],[0,0],[0,0],[0,0],[0,0],[0,0],[0,0],[0,0],[0,0],[0,0],[0,0],[0,0],[0,0],[0,0],[0,0],[0,0],[0,0],[0,0],[0,0],[0,0],[0,0],[0,0],[0,0],[0,0],[0,0],[0,0],[0,0],[0,0],[0,0],[0,0],[0,0],[0,0],[0,0],[0,0],[0,0],[0,0],[0,0],[0,0],[0,0]],"v":[[222.582,11.538],[205.075,2.792],[178.075,-22.538],[157.825,-48.842],[141.625,-62.482],[111.925,-84.889],[97.75,-84.401],[84.25,-85.376],[69.4,-81.479],[57.25,-78.556],[42.4,-85.376],[28.9,-91.221],[5.95,-93.17],[-7.55,-92.195],[-31.85,-91.221],[-54.8,-90.247],[-63.575,-89.76],[-78.425,-99.502],[-93.275,-98.528],[-100.025,-93.657],[-141.875,-68.327],[-144.575,-61.507],[-145.925,-55.662],[-152.675,-51.765],[-160.775,-49.816],[-172.925,-43.971],[-185.075,-41.048],[-198.575,-39.1],[-202.625,-25.461],[-197.225,-14.744],[-205.325,-11.822],[-208.025,-5.002],[-218.825,-5.976],[-222.875,6.689],[-222.865,6.696],[-222.875,6.692],[-222.865,16.683],[-202.625,31.302],[-193.085,45.072],[-193.175,45.658],[-193.16,45.672],[-193.175,45.663],[-193.045,58.622],[-193.008,58.613],[-194.52,59.294],[-194.525,59.292],[-194.525,59.297],[-194.525,69.302],[-156.725,93.653],[-137.825,99.502],[-122.975,99.502],[-101.375,93.653],[-78.425,92.682],[-58.175,98.533],[-37.925,94.632],[-20.375,84.892],[10.675,72.222],[101.125,72.222],[118.675,76.122],[144.325,75.142],[165.925,74.172],[178.075,65.402],[195.625,53.712],[206.425,40.072],[221.275,28.382],[221.275,28.302],[222.875,27.502],[222.875,11.502]],"c":true}]}],"ix":2},"nm":"Path 1","mn":"ADBE Vector Shape - Group","hd":false},{"ty":"mm","mm":4,"nm":"Merge Paths 1","mn":"ADBE Vector Filter - Merge","hd":false},{"ty":"fl","c":{"a":0,"k":[0.583999992819,0.626999978458,0.808000033509,1],"ix":4},"o":{"a":0,"k":100,"ix":5},"r":1,"bm":0,"nm":"Fill 1","mn":"ADBE Vector Graphic - Fill","hd":false},{"ty":"tr","p":{"a":0,"k":[222.875,99.502],"ix":2},"a":{"a":0,"k":[0,0],"ix":1},"s":{"a":0,"k":[100,100],"ix":3},"r":{"a":0,"k":0,"ix":6},"o":{"a":1,"k":[{"i":{"x":[0.833],"y":[0.833]},"o":{"x":[0.167],"y":[0.167]},"t":19,"s":[0]},{"t":20,"s":[100]}],"ix":7},"sk":{"a":0,"k":0,"ix":4},"sa":{"a":0,"k":0,"ix":5},"nm":"Transform"}],"nm":"Group 2","np":3,"cix":2,"bm":0,"ix":2,"mn":"ADBE Vector Group","hd":false}],"ip":0,"op":900,"st":0,"bm":0},{"ddd":0,"ind":4,"ty":4,"nm":"base-04 Outlines 2","td":1,"sr":1,"ks":{"o":{"a":0,"k":100,"ix":11},"r":{"a":0,"k":0,"ix":10},"p":{"a":0,"k":[341.535,410.993,0],"ix":2},"a":{"a":0,"k":[332.01,193.303,0],"ix":1},"s":{"a":0,"k":[100,100,100],"ix":6}},"ao":0,"shapes":[{"ty":"gr","it":[{"ty":"gr","it":[{"ind":0,"ty":"sh","ix":1,"ks":{"a":0,"k":{"i":[[8.52,-4.923],[0,0],[-0.478,-7.292],[-11.339,-6.54],[0,0],[-18.784,10.855],[0,0],[0.478,7.292],[11.338,6.54],[0,0],[14.394,0]],"o":[[0,0],[-8.971,5.183],[0.522,7.98],[0,0],[21.702,12.516],[0,0],[8.97,-5.183],[-0.522,-7.98],[0,0],[-11.858,-6.84],[-11.947,-0.001]],"v":[[-34.092,-185.716],[-318.654,-21.264],[-331.282,-1.759],[-313.374,21.055],[-39.213,179.19],[34.092,182.198],[318.654,17.746],[331.282,-1.759],[313.374,-24.573],[39.212,-182.707],[-2.221,-193.052]],"c":true},"ix":2},"nm":"Path 2","mn":"ADBE Vector Shape - Group","hd":false},{"ty":"tr","p":{"a":0,"k":[0,0],"ix":2},"a":{"a":0,"k":[0,0],"ix":1},"s":{"a":0,"k":[100,100],"ix":3},"r":{"a":0,"k":0,"ix":6},"o":{"a":0,"k":100,"ix":7},"sk":{"a":0,"k":0,"ix":4},"sa":{"a":0,"k":0,"ix":5},"nm":"Transform"}],"nm":"Group 1","np":1,"cix":2,"bm":0,"ix":1,"mn":"ADBE Vector Group","hd":false},{"ty":"mm","mm":4,"nm":"Merge Paths 1","mn":"ADBE Vector Filter - Merge","hd":false},{"ty":"gf","o":{"a":0,"k":100,"ix":10},"r":1,"bm":0,"g":{"p":3,"k":{"a":0,"k":[0,0.969,0.973,1,0.5,0.959,0.963,0.99,1,0.949,0.953,0.98],"ix":9}},"s":{"a":0,"k":[-325.457,-0.238],"ix":5},"e":{"a":0,"k":[327.047,-0.578],"ix":6},"t":1,"nm":"Gradient Fill 1","mn":"ADBE Vector Graphic - G-Fill","hd":false},{"ty":"tr","p":{"a":0,"k":[332.01,193.303],"ix":2},"a":{"a":0,"k":[0,0],"ix":1},"s":{"a":0,"k":[100,100],"ix":3},"r":{"a":0,"k":0,"ix":6},"o":{"a":0,"k":100,"ix":7},"sk":{"a":0,"k":0,"ix":4},"sa":{"a":0,"k":0,"ix":5},"nm":"Transform"}],"nm":"Group 1","np":3,"cix":2,"bm":0,"ix":1,"mn":"ADBE Vector Group","hd":false}],"ip":0,"op":900,"st":0,"bm":0},{"ddd":0,"ind":5,"ty":4,"nm":"street 2 Outlines","tt":1,"sr":1,"ks":{"o":{"a":0,"k":100,"ix":11},"r":{"a":1,"k":[{"i":{"x":[0.378],"y":[1]},"o":{"x":[0.595],"y":[0]},"t":10,"s":[-15]},{"t":40,"s":[0]}],"ix":10},"p":{"a":0,"k":[342.095,402.095,0],"ix":2},"a":{"a":0,"k":[280.784,154.924,0],"ix":1},"s":{"a":1,"k":[{"i":{"x":[0.349,0.349,0.667],"y":[1,1,1]},"o":{"x":[0.652,0.652,0.333],"y":[0,0,0]},"t":10,"s":[150,150,100]},{"t":40,"s":[100,100,100]}],"ix":6}},"ao":0,"shapes":[{"ty":"gr","it":[{"ind":0,"ty":"sh","ix":1,"ks":{"a":0,"k":{"i":[[0,0],[0,0],[0,0],[0,0],[0,0],[0,0],[0,0],[0,0],[0,0],[0,0],[0,0],[0,0],[0,0],[0,0],[0,0],[0,0],[0,0],[0,0],[0,0],[0,0],[0,0],[0,0],[0,0]],"o":[[0,0],[0,0],[0,0],[0,0],[0,0],[0,0],[0,0],[0,0],[0,0],[0,0],[0,0],[0,0],[0,0],[0,0],[0,0],[0,0],[0,0],[0,0],[0,0],[0,0],[0,0],[0,0],[0,0]],"v":[[110.875,49.005],[106.296,46.366],[102.146,43.966],[102.136,43.966],[101.954,43.855],[101.754,43.746],[101.745,43.746],[85.514,34.366],[18.865,-4.115],[85.556,-41.814],[101.985,-51.104],[102.014,-51.115],[102.194,-51.215],[102.396,-51.335],[119.136,-60.794],[129.595,-47.074],[137.235,-37.034],[153.665,-15.465],[153.694,-15.435],[153.865,-15.204],[154.064,-14.944],[167.646,2.896],[175.035,12.596]],"c":true},"ix":2},"nm":"Path 1","mn":"ADBE Vector Shape - Group","hd":false},{"ind":1,"ty":"sh","ix":2,"ks":{"a":0,"k":{"i":[[0,0],[0,0],[0,0],[0,0],[0,0],[0,0],[0,0],[0,0],[0,0],[0,0],[0,0],[0,0],[0,0],[0,0],[0,0],[0,0],[0,0],[0,0],[0,0],[0,0],[0,0],[0,0],[0,0],[0,0],[0,0],[0,0],[0,0],[0,0],[0,0],[0,0],[0,0],[0,0],[0,0],[0,0],[0,0],[0,0],[0,0],[0,0],[0,0],[0,0],[0,0],[0,0],[0,0],[0,0],[0,0],[0,0],[0,0],[0,0],[0,0],[0,0],[0,0],[0,0],[0,0],[0,0],[0,0],[0,0],[0,0],[0,0],[0,0],[0,0],[0,0],[0,0],[0,0],[0,0]],"o":[[0,0],[0,0],[0,0],[0,0],[0,0],[0,0],[0,0],[0,0],[0,0],[0,0],[0,0],[0,0],[0,0],[0,0],[0,0],[0,0],[0,0],[0,0],[0,0],[0,0],[0,0],[0,0],[0,0],[0,0],[0,0],[0,0],[0,0],[0,0],[0,0],[0,0],[0,0],[0,0],[0,0],[0,0],[0,0],[0,0],[0,0],[0,0],[0,0],[0,0],[0,0],[0,0],[0,0],[0,0],[0,0],[0,0],[0,0],[0,0],[0,0],[0,0],[0,0],[0,0],[0,0],[0,0],[0,0],[0,0],[0,0],[0,0],[0,0],[0,0],[0,0],[0,0],[0,0],[0,0]],"v":[[92.725,59.486],[92.514,59.605],[92.345,59.706],[92.324,59.716],[75.896,69.206],[48.485,85.026],[3.726,59.186],[-18.305,46.466],[-18.905,46.126],[-18.905,46.116],[-19.305,45.896],[-35.545,36.516],[-39.575,34.186],[-39.585,34.176],[-39.774,34.066],[-39.985,33.956],[-43.005,32.206],[-45.735,30.635],[-45.895,30.536],[-46.055,30.445],[-56.215,24.576],[-68.295,17.596],[-84.335,8.346],[-70.085,0.116],[-67.635,-1.294],[-67.585,-1.335],[-67.555,-1.344],[-67.495,-1.384],[-67.465,-1.395],[-56.485,-7.734],[-56.085,-7.965],[-54.694,-8.775],[-54.415,-8.934],[-54.354,-8.974],[-54.335,-8.984],[-54.265,-9.014],[-54.245,-9.034],[-42.895,-15.585],[-42.864,-15.604],[-41.485,-16.405],[-41.194,-16.574],[-41.135,-16.604],[-41.114,-16.615],[-41.055,-16.655],[-41.024,-16.664],[-34.024,-20.704],[-27.854,-17.145],[-24.435,-15.164],[-24.405,-15.145],[-24.354,-15.115],[-24.345,-15.115],[-24.274,-15.074],[-19.975,-12.594],[47.504,26.366],[75.896,42.755],[80.796,45.586],[81.035,45.725],[81.275,45.866],[84.285,47.596],[92.324,52.246],[92.345,52.246],[92.514,52.355],[92.725,52.466],[98.796,55.975]],"c":true},"ix":2},"nm":"Path 2","mn":"ADBE Vector Shape - Group","hd":false},{"ind":2,"ty":"sh","ix":3,"ks":{"a":0,"k":{"i":[[0,0],[0,0],[0,0],[0,0],[0,0],[0,0],[0,0],[0,0],[0,0],[0,0],[0,0],[0,0],[0,0],[0,0],[0,0],[0,0],[0,0],[0,0],[0,0],[0,0],[0,0],[0,0],[0,0]],"o":[[0,0],[0,0],[0,0],[0,0],[0,0],[0,0],[0,0],[0,0],[0,0],[0,0],[0,0],[0,0],[0,0],[0,0],[0,0],[0,0],[0,0],[0,0],[0,0],[0,0],[0,0],[0,0],[0,0]],"v":[[-95.735,1.755],[-135.314,-21.094],[-123.995,-27.694],[-104.055,-39.305],[-103.864,-39.414],[-103.854,-39.424],[-103.665,-39.544],[-101.524,-40.784],[-86.245,-49.685],[-85.354,-50.204],[-83.604,-51.224],[-77.645,-54.694],[-77.545,-54.754],[-77.534,-54.754],[-77.515,-54.764],[-77.395,-54.844],[-65.774,-61.615],[-30.405,-82.224],[8.896,-59.784],[9.405,-60.064],[9.875,-59.794],[-6.125,-50.465],[-6.645,-50.164]],"c":true},"ix":2},"nm":"Path 3","mn":"ADBE Vector Shape - Group","hd":false},{"ind":3,"ty":"sh","ix":4,"ks":{"a":0,"k":{"i":[[0,0],[0,0],[0,0],[0,0],[0,0],[0,0],[0,0],[0,0],[0,0],[0,0],[0,0],[0,0],[0,0],[0,0],[0,0],[0,0],[0,0],[0,0],[0,0],[0,0],[0,0],[0,0],[0,0],[0,0],[0,0],[0,0],[0,0]],"o":[[0,0],[0,0],[0,0],[0,0],[0,0],[0,0],[0,0],[0,0],[0,0],[0,0],[0,0],[0,0],[0,0],[0,0],[0,0],[0,0],[0,0],[0,0],[0,0],[0,0],[0,0],[0,0],[0,0],[0,0],[0,0],[0,0],[0,0]],"v":[[93.085,-94.995],[99.686,-86.335],[109.605,-73.314],[109.725,-73.155],[109.845,-72.995],[109.845,-72.984],[112.204,-69.905],[102.396,-64.335],[102.194,-64.215],[102.014,-64.115],[101.985,-64.104],[85.556,-54.784],[7.665,-10.585],[-21.944,-27.674],[-13.225,-32.784],[-7.194,-36.314],[-7.125,-36.354],[-7.114,-36.365],[-7.104,-36.365],[-7.075,-36.384],[-7.034,-36.414],[-7.024,-36.414],[3.755,-42.724],[3.765,-42.724],[4.275,-43.025],[5.485,-43.734],[5.495,-43.734]],"c":true},"ix":2},"nm":"Path 4","mn":"ADBE Vector Shape - Group","hd":false},{"ind":4,"ty":"sh","ix":5,"ks":{"a":0,"k":{"i":[[0,0],[0,0],[0,0],[0,0],[0,0],[0,0],[0,0],[0,0],[0,0],[0,0],[0,0],[0,0],[0,0],[0,0],[0,0],[0,0],[0,0],[0,0],[0,0],[0,0],[0,0],[0,0],[0,0],[0,0],[0,0],[0,0],[0,0],[0,0],[0,0],[0,0],[0,0],[0,0],[0,0],[0,0],[0,0],[0,0],[0,0],[0,0],[0,0],[0,0],[0,0],[0,0],[0,0],[0,0],[0,0],[0,0],[0,0],[0,0],[0,0],[0,0],[0,0],[0,0],[0,0],[0,0],[0,0],[0,0],[0,0],[0,0],[0,0],[0,0],[0,0],[0,0],[0,0],[0,0],[0,0],[0,0],[0,0],[0,0],[0,0],[0,0],[0,0],[0,0],[0,0],[0,0],[0,0],[0,0],[0,0],[0,0],[0,0],[0,0],[0,0],[0,0],[0,0],[0,0],[0,0],[0,0],[0,0],[0,0],[0,0],[0,0],[0,0],[0,0],[0,0],[0,0],[0,0],[0,0],[0,0],[0,0],[0,0],[0,0],[0,0],[0,0],[0,0],[0,0],[0,0],[0,0],[0,0],[0,0],[0,0],[0,0],[0,0],[0,0],[0,0],[0,0],[0,0],[0,0],[0,0],[0,0],[0,0],[0,0],[0,0],[0,0],[0,0],[0,0],[0,0],[0,0],[0,0],[0,0],[0,0],[0,0],[0,0],[0,0],[0,0],[0,0],[0,0],[0,0],[0,0],[0,0],[0,0],[0,0],[0,0],[0,0],[0,0],[0,0],[0,0],[0,0]],"o":[[0,0],[0,0],[0,0],[0,0],[0,0],[0,0],[0,0],[0,0],[0,0],[0,0],[0,0],[0,0],[0,0],[0,0],[0,0],[0,0],[0,0],[0,0],[0,0],[0,0],[0,0],[0,0],[0,0],[0,0],[0,0],[0,0],[0,0],[0,0],[0,0],[0,0],[0,0],[0,0],[0,0],[0,0],[0,0],[0,0],[0,0],[0,0],[0,0],[0,0],[0,0],[0,0],[0,0],[0,0],[0,0],[0,0],[0,0],[0,0],[0,0],[0,0],[0,0],[0,0],[0,0],[0,0],[0,0],[0,0],[0,0],[0,0],[0,0],[0,0],[0,0],[0,0],[0,0],[0,0],[0,0],[0,0],[0,0],[0,0],[0,0],[0,0],[0,0],[0,0],[0,0],[0,0],[0,0],[0,0],[0,0],[0,0],[0,0],[0,0],[0,0],[0,0],[0,0],[0,0],[0,0],[0,0],[0,0],[0,0],[0,0],[0,0],[0,0],[0,0],[0,0],[0,0],[0,0],[0,0],[0,0],[0,0],[0,0],[0,0],[0,0],[0,0],[0,0],[0,0],[0,0],[0,0],[0,0],[0,0],[0,0],[0,0],[0,0],[0,0],[0,0],[0,0],[0,0],[0,0],[0,0],[0,0],[0,0],[0,0],[0,0],[0,0],[0,0],[0,0],[0,0],[0,0],[0,0],[0,0],[0,0],[0,0],[0,0],[0,0],[0,0],[0,0],[0,0],[0,0],[0,0],[0,0],[0,0],[0,0],[0,0],[0,0],[0,0],[0,0],[0,0],[0,0]],"v":[[197.886,12.546],[222.175,-1.174],[232.896,-7.234],[233.035,-7.314],[233.165,-7.384],[240.226,-11.374],[240.275,-11.404],[251.705,-17.865],[251.764,-17.905],[251.775,-17.814],[251.796,-17.775],[251.764,-17.754],[251.775,-17.745],[251.775,-17.645],[280.535,-34.294],[268.436,-41.275],[193.655,2.035],[186.545,6.066],[167.646,-18.724],[154.175,-36.395],[154.175,-36.405],[154.056,-36.564],[153.925,-36.725],[144.014,-49.734],[129.595,-68.655],[121.264,-79.574],[121.254,-79.595],[121.146,-79.745],[121.014,-79.905],[111.095,-92.924],[104.585,-101.465],[136.715,-117.245],[124.444,-124.324],[95.745,-110.224],[95.855,-109.884],[21.056,-66.294],[20.944,-66.355],[22.025,-66.944],[-17.704,-89.634],[38.056,-122.115],[83.234,-148.095],[71.814,-154.674],[48.035,-141.004],[47.896,-141.085],[-29.165,-96.185],[-102.104,-137.835],[-114.864,-130.454],[-41.864,-88.775],[-87.795,-62.014],[-115.064,-46.124],[-115.265,-46.014],[-115.314,-45.984],[-115.454,-45.895],[-115.465,-45.895],[-123.995,-40.924],[-146.725,-27.674],[-146.825,-27.734],[-146.614,-27.844],[-159.614,-35.124],[-208.965,-63.624],[-209.725,-63.185],[-220.675,-69.314],[-232.325,-62.585],[-158.555,-21.284],[-158.505,-21.314],[-158.125,-21.094],[-158.175,-21.074],[-158.555,-21.284],[-280.534,49.215],[-268.875,55.945],[-195.045,13.276],[-194.854,13.385],[-146.725,-14.514],[-107.145,8.346],[-140.895,28.005],[-229.075,78.895],[-217.415,85.626],[-95.325,15.165],[-85.915,20.605],[-79.725,24.206],[-74.685,27.126],[-74.604,27.165],[-74.524,27.216],[-71.985,28.676],[-62.325,34.276],[-57.524,37.066],[-57.364,37.156],[-57.345,37.165],[-57.194,37.246],[-45.895,43.786],[-45.875,43.806],[-45.694,43.906],[-45.495,44.026],[-43.005,45.466],[-40.295,47.036],[-23.875,56.546],[-23.854,56.556],[-23.675,56.656],[-23.475,56.776],[-18.305,59.766],[3.726,72.526],[24.415,84.516],[28.014,86.596],[35.574,90.975],[39.375,93.165],[39.396,93.186],[39.454,93.214],[39.535,93.266],[43.065,95.305],[47.814,98.055],[89.025,145.924],[95.365,153.285],[95.414,153.355],[95.425,153.355],[95.465,153.415],[96.556,154.674],[108.004,148.055],[59.886,91.615],[75.896,82.376],[92.324,72.885],[92.345,72.876],[92.514,72.776],[92.725,72.656],[106.296,64.816],[135.695,47.846],[208.694,89.866],[220.065,83.306],[147.095,41.255],[156.535,35.926],[161.004,33.396],[161.155,33.316],[161.225,33.276],[161.436,33.156],[186.365,19.066],[210.686,32.956],[210.896,33.076],[211.105,33.195],[215.235,35.556],[220.784,38.736],[238.165,48.656],[238.296,48.736],[238.425,48.806],[239.815,49.605],[259.195,60.686],[270.595,54.096],[198.764,13.056]],"c":true},"ix":2},"nm":"Path 5","mn":"ADBE Vector Shape - Group","hd":false},{"ty":"mm","mm":1,"nm":"Merge Paths 1","mn":"ADBE Vector Filter - Merge","hd":false},{"ty":"fl","c":{"a":0,"k":[0.913999968884,0.929000016755,1,1],"ix":4},"o":{"a":0,"k":100,"ix":5},"r":1,"bm":0,"nm":"Fill 1","mn":"ADBE Vector Graphic - Fill","hd":false},{"ty":"tr","p":{"a":0,"k":[280.784,154.924],"ix":2},"a":{"a":0,"k":[0,0],"ix":1},"s":{"a":0,"k":[100,100],"ix":3},"r":{"a":0,"k":0,"ix":6},"o":{"a":0,"k":100,"ix":7},"sk":{"a":0,"k":0,"ix":4},"sa":{"a":0,"k":0,"ix":5},"nm":"Transform"}],"nm":"Group 1","np":7,"cix":2,"bm":0,"ix":1,"mn":"ADBE Vector Group","hd":false}],"ip":0,"op":900,"st":0,"bm":0},{"ddd":0,"ind":6,"ty":4,"nm":"base-04 Outlines","sr":1,"ks":{"o":{"a":0,"k":100,"ix":11},"r":{"a":0,"k":0,"ix":10},"p":{"a":0,"k":[341.535,410.993,0],"ix":2},"a":{"a":0,"k":[332.01,193.303,0],"ix":1},"s":{"a":0,"k":[100,100,100],"ix":6}},"ao":0,"shapes":[{"ty":"gr","it":[{"ty":"gr","it":[{"ind":0,"ty":"sh","ix":1,"ks":{"a":0,"k":{"i":[[8.52,-4.923],[0,0],[-0.478,-7.292],[-11.339,-6.54],[0,0],[-18.784,10.855],[0,0],[0.478,7.292],[11.338,6.54],[0,0],[14.394,0]],"o":[[0,0],[-8.971,5.183],[0.522,7.98],[0,0],[21.702,12.516],[0,0],[8.97,-5.183],[-0.522,-7.98],[0,0],[-11.858,-6.84],[-11.947,-0.001]],"v":[[-34.092,-185.716],[-318.654,-21.264],[-331.282,-1.759],[-313.374,21.055],[-39.213,179.19],[34.092,182.198],[318.654,17.746],[331.282,-1.759],[313.374,-24.573],[39.212,-182.707],[-2.221,-193.052]],"c":true},"ix":2},"nm":"Path 2","mn":"ADBE Vector Shape - Group","hd":false},{"ty":"tr","p":{"a":0,"k":[0,0],"ix":2},"a":{"a":0,"k":[0,0],"ix":1},"s":{"a":0,"k":[100,100],"ix":3},"r":{"a":0,"k":0,"ix":6},"o":{"a":0,"k":100,"ix":7},"sk":{"a":0,"k":0,"ix":4},"sa":{"a":0,"k":0,"ix":5},"nm":"Transform"}],"nm":"Group 1","np":1,"cix":2,"bm":0,"ix":1,"mn":"ADBE Vector Group","hd":false},{"ty":"mm","mm":4,"nm":"Merge Paths 1","mn":"ADBE Vector Filter - Merge","hd":false},{"ty":"gf","o":{"a":0,"k":100,"ix":10},"r":1,"bm":0,"g":{"p":3,"k":{"a":0,"k":[0,0.969,0.973,1,0.5,0.959,0.963,0.99,1,0.949,0.953,0.98],"ix":9}},"s":{"a":0,"k":[-325.457,-0.238],"ix":5},"e":{"a":0,"k":[327.047,-0.578],"ix":6},"t":1,"nm":"Gradient Fill 1","mn":"ADBE Vector Graphic - G-Fill","hd":false},{"ty":"tr","p":{"a":0,"k":[332.01,193.303],"ix":2},"a":{"a":0,"k":[0,0],"ix":1},"s":{"a":0,"k":[100,100],"ix":3},"r":{"a":0,"k":0,"ix":6},"o":{"a":0,"k":100,"ix":7},"sk":{"a":0,"k":0,"ix":4},"sa":{"a":0,"k":0,"ix":5},"nm":"Transform"}],"nm":"Group 1","np":3,"cix":2,"bm":0,"ix":1,"mn":"ADBE Vector Group","hd":false}],"ip":0,"op":900,"st":0,"bm":0},{"ddd":0,"ind":7,"ty":4,"nm":"base-03 Outlines","sr":1,"ks":{"o":{"a":0,"k":100,"ix":11},"r":{"a":0,"k":0,"ix":10},"p":{"a":0,"k":[341.535,412.502,0],"ix":2},"a":{"a":0,"k":[332.01,195.062,0],"ix":1},"s":{"a":0,"k":[100,100,100],"ix":6}},"ao":0,"shapes":[{"ty":"gr","it":[{"ind":0,"ty":"sh","ix":1,"ks":{"a":0,"k":{"i":[[0.478,7.292],[11.338,6.54],[0,0],[18.784,-10.856],[0,0],[-0.478,-7.292],[-11.339,-6.54],[0,0],[-18.785,10.855],[0,0]],"o":[[-0.522,-7.979],[0,0],[-21.701,-12.516],[0,0],[-8.97,5.183],[0.522,7.979],[0,0],[21.701,12.516],[0,0],[8.97,-5.183]],"v":[[331.282,0],[313.374,-22.814],[39.212,-180.949],[-34.092,-183.956],[-318.655,-19.505],[-331.282,0],[-313.374,22.814],[-39.213,180.949],[34.092,183.957],[318.654,19.505]],"c":true},"ix":2},"nm":"Path 1","mn":"ADBE Vector Shape - Group","hd":false},{"ty":"mm","mm":4,"nm":"Merge Paths 1","mn":"ADBE Vector Filter - Merge","hd":false},{"ty":"fl","c":{"a":0,"k":[1,1,1,1],"ix":4},"o":{"a":0,"k":100,"ix":5},"r":1,"bm":0,"nm":"Fill 1","mn":"ADBE Vector Graphic - Fill","hd":false},{"ty":"tr","p":{"a":0,"k":[332.01,195.062],"ix":2},"a":{"a":0,"k":[0,0],"ix":1},"s":{"a":0,"k":[100,100],"ix":3},"r":{"a":0,"k":0,"ix":6},"o":{"a":0,"k":100,"ix":7},"sk":{"a":0,"k":0,"ix":4},"sa":{"a":0,"k":0,"ix":5},"nm":"Transform"}],"nm":"Group 1","np":3,"cix":2,"bm":0,"ix":1,"mn":"ADBE Vector Group","hd":false}],"ip":0,"op":900,"st":0,"bm":0},{"ddd":0,"ind":8,"ty":4,"nm":"base-02 Outlines","sr":1,"ks":{"o":{"a":0,"k":100,"ix":11},"r":{"a":0,"k":0,"ix":10},"p":{"a":0,"k":[341.747,491.582,0],"ix":2},"a":{"a":0,"k":[331.789,139.924,0],"ix":1},"s":{"a":0,"k":[100,100,100],"ix":6}},"ao":0,"shapes":[{"ty":"gr","it":[{"ty":"gr","it":[{"ind":0,"ty":"sh","ix":1,"ks":{"a":0,"k":{"i":[[8.52,-4.924],[0,0],[0,0],[0,0],[-0.045,-0.678],[-11.339,-6.539],[0,0],[-13.729,-0.338],[-9.041,5.226],[0,0],[0.469,7.286],[0,0],[0,0],[0,0],[0,0],[14.394,0.001]],"o":[[0,0],[0,0],[0,0],[-0.035,0.671],[0.522,7.978],[0,0],[11.256,6.492],[12.739,0.314],[0,0],[8.962,-5.179],[0,0],[0,0],[0,0],[0,0],[-11.858,-6.84],[-11.947,0]],"v":[[-34.304,-132.338],[-220.112,-24.959],[-331.494,-79.079],[-331.494,-53.919],[-331.494,-51.897],[-313.586,-29.084],[-39.425,129.051],[-0.194,139.36],[33.88,132.058],[318.442,-32.392],[331.07,-51.878],[331.105,-51.897],[331.105,-79.079],[219.847,-25.019],[39,-129.329],[-2.433,-139.674]],"c":true},"ix":2},"nm":"Path 2","mn":"ADBE Vector Shape - Group","hd":false},{"ty":"tr","p":{"a":0,"k":[0,0],"ix":2},"a":{"a":0,"k":[0,0],"ix":1},"s":{"a":0,"k":[100,100],"ix":3},"r":{"a":0,"k":0,"ix":6},"o":{"a":0,"k":100,"ix":7},"sk":{"a":0,"k":0,"ix":4},"sa":{"a":0,"k":0,"ix":5},"nm":"Transform"}],"nm":"Group 1","np":1,"cix":2,"bm":0,"ix":1,"mn":"ADBE Vector Group","hd":false},{"ty":"mm","mm":4,"nm":"Merge Paths 1","mn":"ADBE Vector Filter - Merge","hd":false},{"ty":"gf","o":{"a":0,"k":100,"ix":10},"r":1,"bm":0,"g":{"p":3,"k":{"a":0,"k":[0,0.737,0.753,0.898,0.5,0.715,0.732,0.887,1,0.693,0.711,0.877],"ix":9}},"s":{"a":0,"k":[-329.129,1.273],"ix":5},"e":{"a":0,"k":[328.441,3.074],"ix":6},"t":1,"nm":"Gradient Fill 1","mn":"ADBE Vector Graphic - G-Fill","hd":false},{"ty":"tr","p":{"a":0,"k":[331.789,139.924],"ix":2},"a":{"a":0,"k":[0,0],"ix":1},"s":{"a":0,"k":[100,100],"ix":3},"r":{"a":0,"k":0,"ix":6},"o":{"a":0,"k":100,"ix":7},"sk":{"a":0,"k":0,"ix":4},"sa":{"a":0,"k":0,"ix":5},"nm":"Transform"}],"nm":"Group 1","np":3,"cix":2,"bm":0,"ix":1,"mn":"ADBE Vector Group","hd":false}],"ip":0,"op":900,"st":0,"bm":0},{"ddd":0,"ind":9,"ty":4,"nm":"base-01 Outlines","sr":1,"ks":{"o":{"a":0,"k":100,"ix":11},"r":{"a":0,"k":0,"ix":10},"p":{"a":0,"k":[341.535,444.702,0],"ix":2},"a":{"a":0,"k":[331.319,191.294,0],"ix":1},"s":{"a":0,"k":[100,100,100],"ix":6}},"ao":0,"shapes":[{"ty":"gr","it":[{"ind":0,"ty":"sh","ix":1,"ks":{"a":0,"k":{"i":[[0.478,7.292],[11.338,6.54],[0,0],[18.784,-10.855],[0,0],[-0.478,-7.292],[-11.339,-6.54],[0,0],[-18.785,10.855],[0,0]],"o":[[-0.522,-7.979],[0,0],[-21.701,-12.516],[0,0],[-8.97,5.183],[0.522,7.979],[0,0],[21.701,12.516],[0,0],[8.97,-5.183]],"v":[[331.282,0],[313.374,-22.814],[39.212,-180.949],[-34.092,-183.957],[-318.655,-19.505],[-331.282,0],[-313.374,22.814],[-39.213,180.949],[34.092,183.957],[318.654,19.505]],"c":true},"ix":2},"nm":"Path 1","mn":"ADBE Vector Shape - Group","hd":false},{"ty":"mm","mm":4,"nm":"Merge Paths 1","mn":"ADBE Vector Filter - Merge","hd":false},{"ty":"fl","c":{"a":0,"k":[0.573999980852,0.584999952129,0.7,1],"ix":4},"o":{"a":0,"k":100,"ix":5},"r":1,"bm":0,"nm":"Fill 1","mn":"ADBE Vector Graphic - Fill","hd":false},{"ty":"tr","p":{"a":0,"k":[331.319,191.294],"ix":2},"a":{"a":0,"k":[0,0],"ix":1},"s":{"a":0,"k":[100,100],"ix":3},"r":{"a":0,"k":0,"ix":6},"o":{"a":0,"k":100,"ix":7},"sk":{"a":0,"k":0,"ix":4},"sa":{"a":0,"k":0,"ix":5},"nm":"Transform"}],"nm":"Group 1","np":3,"cix":2,"bm":0,"ix":1,"mn":"ADBE Vector Group","hd":false}],"ip":0,"op":900,"st":0,"bm":0},{"ddd":0,"ind":10,"ty":4,"nm":"shadow Outlines","sr":1,"ks":{"o":{"a":0,"k":100,"ix":11},"r":{"a":0,"k":0,"ix":10},"p":{"a":0,"k":[556.668,441.089,0],"ix":2},"a":{"a":0,"k":[215.116,194.907,0],"ix":1},"s":{"a":0,"k":[100,100,100],"ix":6}},"ao":0,"shapes":[{"ty":"gr","it":[{"ind":0,"ty":"sh","ix":1,"ks":{"a":1,"k":[{"i":{"x":0.667,"y":1},"o":{"x":0.333,"y":0},"t":10,"s":[{"i":[[10.115,0],[0,0],[0,0],[13.828,-7.984],[0,0],[0,0],[-8.76,5.058],[0,0],[17.756,10.251],[0,0]],"o":[[0,0],[0,0],[13.828,7.984],[0,0],[0,0],[10.115,0],[0,0],[17.756,-10.251],[0,0],[-8.76,-5.057]],"v":[[-84.611,-82.454],[-49.447,-103.818],[257.026,73.125],[257.026,109.053],[-49.447,285.995],[-62.611,262.359],[-49.8,245.639],[231.468,114.517],[231.468,68.388],[-52.8,-76.734]],"c":true}]},{"t":40,"s":[{"i":[[10.115,0],[0,0],[0,0],[13.828,-7.984],[0,0],[0,0],[-8.76,5.058],[0,0],[17.756,10.251],[0,0]],"o":[[0,0],[0,0],[13.828,7.984],[0,0],[0,0],[10.115,0],[0,0],[17.756,-10.251],[0,0],[-8.76,-5.057]],"v":[[54.389,-103.818],[-49.447,-103.818],[257.026,73.125],[257.026,109.053],[-49.447,285.995],[54.389,285.995],[83.2,278.275],[367.468,114.153],[367.468,68.024],[83.2,-96.098]],"c":true}]}],"ix":2},"nm":"Path 4","mn":"ADBE Vector Shape - Group","hd":false},{"ty":"mm","mm":1,"nm":"Merge Paths 1","mn":"ADBE Vector Filter - Merge","hd":false},{"ty":"gf","o":{"a":0,"k":100,"ix":10},"r":1,"bm":0,"g":{"p":3,"k":{"a":0,"k":[0,0.737,0.753,0.898,0.5,0.737,0.753,0.898,1,0.737,0.753,0.898,0,1,0.5,0.625,1,0.25],"ix":9}},"s":{"a":0,"k":[-46.441,91.086],"ix":5},"e":{"a":0,"k":[379.727,91.746],"ix":6},"t":1,"nm":"Gradient Fill 1","mn":"ADBE Vector Graphic - G-Fill","hd":false},{"ty":"tr","p":{"a":0,"k":[49.448,103.818],"ix":2},"a":{"a":0,"k":[0,0],"ix":1},"s":{"a":0,"k":[100,100],"ix":3},"r":{"a":0,"k":0,"ix":6},"o":{"a":0,"k":100,"ix":7},"sk":{"a":0,"k":0,"ix":4},"sa":{"a":0,"k":0,"ix":5},"nm":"Transform"}],"nm":"Group 1","np":3,"cix":2,"bm":0,"ix":1,"mn":"ADBE Vector Group","hd":false}],"ip":0,"op":900,"st":0,"bm":0},{"ddd":0,"ind":11,"ty":4,"nm":"bgr Outlines","sr":1,"ks":{"o":{"a":0,"k":100,"ix":11},"r":{"a":0,"k":0,"ix":10},"p":{"a":0,"k":[463.5,350,0],"ix":2},"a":{"a":0,"k":[326.75,338.599,0],"ix":1},"s":{"a":0,"k":[100,100,100],"ix":6}},"ao":0,"shapes":[{"ty":"gr","it":[{"ind":0,"ty":"sh","ix":1,"ks":{"a":0,"k":{"i":[[-94.733,0],[0,180.321],[33.784,51.415],[114.201,0],[0,-180.321],[-53.882,-58.225]],"o":[[180.321,0],[0,-66.119],[-58.353,-88.805],[-180.321,0],[0,85.587],[59.642,64.446]],"v":[[0,338.349],[326.5,11.849],[78.334,-119.804],[-94.79,-338.348],[-326.5,11.849],[-239.686,233.557]],"c":true},"ix":2},"nm":"Path 1","mn":"ADBE Vector Shape - Group","hd":false},{"ty":"mm","mm":4,"nm":"Merge Paths 1","mn":"ADBE Vector Filter - Merge","hd":false},{"ty":"fl","c":{"a":0,"k":[1,1,1,1],"ix":4},"o":{"a":0,"k":100,"ix":5},"r":1,"bm":0,"nm":"Fill 1","mn":"ADBE Vector Graphic - Fill","hd":false},{"ty":"tr","p":{"a":0,"k":[326.75,338.599],"ix":2},"a":{"a":0,"k":[0,0],"ix":1},"s":{"a":0,"k":[100,100],"ix":3},"r":{"a":0,"k":0,"ix":6},"o":{"a":0,"k":100,"ix":7},"sk":{"a":0,"k":0,"ix":4},"sa":{"a":0,"k":0,"ix":5},"nm":"Transform"}],"nm":"Group 1","np":3,"cix":2,"bm":0,"ix":1,"mn":"ADBE Vector Group","hd":false}],"ip":0,"op":900,"st":0,"bm":0}],"markers":[]}